ID,codice,descrizione,password,giorniProgettoAnno,giorniFunzionaleAnno,giorniSviluppoAnno,revisione,sapCodice,logo,scheda,account
2,ITG,Italian Gasket,,0.0,0.0,0.0,,,/public/italian-gasket145147.png,,Alessandro Vistali
3,ZARD,Fonderia Zardo,,,,0.0,,,/public/calpeda162200.png,,Francesco Brunelli
4,ARVEDI,Arvedi,,,,20.0,,,/public/arvedi161931.png,,Alessandro Vistali
5,GNUCAR,Gnutti Carlo Maclodio,,,,70.0,,,/public/gnutti162848.png,,Giorgio Grazioli
6,ABLETE,Abletech,,,,40.0,,,/public/abletech161722.png,,Valentino Paderni
7,ACCVEN,Acciaierie Venete,,0.0,,0.0,,,/public/acciaierie-venete161756.png,,
8,ALMAG,Almag,,,,0.0,,,/public/almag112929.jpg,https://docs.google.com/document/d/1aDReywMMrh_DrpKm2uazkuYqL2TOyyOrsQKEbR37ny8/edit#,Alessandro Vistali
9,AMC,Alfa Metal Corporation,,,,0.0,,,,,Stefano Pagliarini
10,ATM,ATM,,0.0,,0.0,,,/public/atm161952.PNG,,
11,AXITEA,Axitea,,0.0,,0.0,,,/public/axitea162008.png,,
12,B&B,B&B di Bubola Raffaele,,,,5.0,,,,,
13,BGP,Bgp,,,,0.0,,,/public/bgp162022.png,,
14,BMOB,Brescia Mobilità ,,,,50.0,,,/public/brescia-mobilita162107.jpg,,Francesco Nassini
15,BMS,BMS,,,,0.0,,,/public/bms162116.jpg,,
16,CAMGAZ,Campin Gaz,,,,20.0,,,/public/campingaz162217.png,,Maurizio Beltrami
17,COLFIL,Colombo Filippetti,,,,0.0,,,/public/colombo162309.jpg,,
18,COMPET,Competence,,0.0,,0.0,,,,,
19,CORAM,Coram,,,,20.0,,,/public/coram162353.png,,Alessandro Vistali
20,DERGA,Derga,,0.0,,0.0,,,/public/derga162410.png,,
21,DINAMI,Dinamika,,0.0,,0.0,,,/public/dinamika162429.jpg,,
22,ENGINE,Engineering,,0.0,,0.0,,,/public/engineering162509.png,,
23,EREDI,Eredi Gnutti,,,,50.0,,,/public/eredi-gnutti162517.jpg,,Francesco Brunelli
24,EVEREL,Everel,,,,0.0,,,/public/everel162546.png,,Francesco Brunelli
25,FINCON,Fincons,,,,0.0,,,/public/fincons162651.jpg,,
26,FORN,Fornari,,,,0.0,,,,,
27,FRANKE,Franke,,,,0.0,,,/public/franke162744.png,,
28,GASINT,Gasket International,,,,0.0,,,/public/gasket-international162812.jpg,,
29,GFL,GFL,,,,0.0,,,,,
30,GNUTTI,Trafilerie Carlo Gnutti,,,,20.0,,,,,Stefano Pagliarini
31,HOVAL,Hoval,,,,0.0,,,/public/hoval162908.png,,Francesco Brunelli
32,IMPRES,Impresa,,,,0.0,,,/public/impresa162925.png,,
33,ITCORE,ITcore,,0.0,,0.0,,,/public/itcore162952.jpg,,
34,ITEMA,Itema,,,,80.0,,,/public/itema163001.png,,Valentino Paderni
35,JABIL,Jabil Circuit,,0.0,,0.0,,,/public/jabil163020.png,,Valentino Paderni
36,JORIS,Joris IDE,,,,0.0,,,/public/joris-ide163030.png,,
37,KNP,Knowledge People,,,,0.0,,,/public/knowledge-people163046.png,,
38,KOSTAL,Kostal,,,,0.0,,,/public/kostal163054.png,,Francesco Nassini
39,KPI,Key People International,,,,0.0,,,,,
40,LEDSOF,Ledsoft,,,,0.0,,,/public/ledsoft110555.png,,
41,LEUCAD,Leucadia,,,,0.0,,,/public/leucadia163409.png,,
42,LUCCHI,Lucchini,,,,20.0,,,,,Francesco Brunelli
43,MEMAR,Memar,,,,0.0,,,/public/memar163624.png,,
44,METALP,Metalprint,,,,40.0,,,/public/metalprint163632.png,,Giorgio Grazioli
45,OLVAN,Olvan,,,,0.0,,,/public/olvan163723.png,,
46,OMSI,Omsi,,,,30.0,,,/public/omsi163732.png,,Alessandro Vistali
47,PALAZZ,Palazzoli,,,,40.0,,,/public/palazzoli163744.png,,Alessandro Vistali
48,PARAD,Paradigma,,,,30.0,,,,,Stefano Pagliarini
49,PIRELL,Pirelli,,,,0.0,,,/public/pirelli163904.png,,
50,PREMEC,Premec,,,,0.0,,,,,
51,PRICE,PriceWaterhouse,,,,0.0,,,/public/PricewaterhouseCoopers163937.png,,
52,PRTUBI,Profiltubi,,,,0.0,,,/public/profiltubi163946.png,,Francesca Solazzi
53,REGEST,Regesta,,,,40.0,,,/public/regesta163955.png,,
54,RMC,Raffinerie Metalli Capra,,,,20.0,,,/public/raffineria-metalli-capra164002.png,,
55,ROBUSC,Robuschi Pompe,,,,50.0,,,/public/robuschi-pompe164010.png,,Francesco Brunelli
56,SAMO,Samo S.p.A.,,,,0.0,,,/public/samo164042.png,,
57,SANPOL,San Polo Lamiere / Armet,,,,50.0,,,/public/sanpolo164049.jpg,,Francesco Brunelli
58,SCHMER,Schmersal,,,,0.0,,,/public/schmersal164104.png,,Francesco Brunelli
59,SEAB,Seab,,,,0.0,,,/public/seab164121.jpg,,
60,SERIOP,Serioplast Global Serv. ,,,,70.0,,,/public/serioplast164135.png,,Francesco Nassini
61,SESTR,Sestriere,,,,0.0,,,,,
62,SHINDL,Shindler,,,,0.0,,,/public/shindler164157.png,,
63,SIRAP,Sirap Faerch,,,,40.0,,,/public/sirap164224.jpg,,Stefano Pagliarini
64,SOFINT,Sofinter,,,,50.0,,,/public/sofinter164241.png,,
65,SOPRA,Sopra Group,,,,0.0,,,/public/sopragroup110615.png,,
66,SPRING,Spring,,,,0.0,,,,,
67,UBI,UBI-knowledge People,,,,20.0,,,,,
68,UGIS,Unicredit,,,,0.0,,,/public/unicredit165424.png,,
69,WICTOR,Wictor,,0.0,,0.0,,,/public/wictor165505.png,,
70,ESTRA,ESTRA,,,,50.0,,,/public/estra162537.jpg,,Valentino Paderni
71,ABGRP,AB Group,,0.0,0.0,0.0,0,,/public/Abgroup3095702.png,,Francesco Brunelli
72,VEMER,Vemer,,,,0.0,,,/public/vemer165449.jpg,,
73,BREVET,Brevetti Angela,,,,50.0,,,/public/Brevetti-angela162142.png,,Giulio Manenti
74,RUB,Hadron/Bonomi industries,,,,0.0,,,/public/rubinetterie-bonomi164019.png,,Francesco Brunelli
76,ELMA,Elma,,0.0,,0.0,,,/public/elma162455.jpg,,
77,ICMS,ICMS,,,,0.0,,,/public/icms162917.jpg,,
79,FIAMM,Fiamm Technologies,,,,5.0,,,/public/fiamm162632.png,,Stefano Pagliarini
80,COBO,Cobo Group,,,,20.0,,,/public/cobo162255.jpg,,Stefano Pagliarini
81,TRUSSARDI,TRUSSARDI,,,,,,,/public/trussardi165408.jpg,,
82,GAMUFF,Gamma Ufficio,,2.0,,,,,/public/gamma-ufficio162751.png,,Francesca Solazzi
83,GUTTADAURO,Guttadauro,,,,,,,/public/guttaduro162858.jpg,,
84,MATRIX,Matrix,,15.0,,,,,,,Francesca Solazzi
85,BIANCHIV,Bianchi Vending,,,,,,,/public/bianchi2104920.jpg,,Francesco Brunelli
86,FERALPI,Feralpi Holding,,,,,,,/public/feralpi162618.jpg,,Giorgio Grazioli
87,BIAL,Bialetti,,,,,,,/public/bialetti162032.png,,
88,C2MAC,Gruppo C2MAC,,,,,,,/public/fonderie-montorso162733.png,,Francesco Brunelli
89,THEMIS,THEMIS,,,,,,,/public/themis164614.png,,
90,ASFCBG,Associazione Sistemi Formativi Confindustria BG,,,,,,,,,
91,BMVT,BM Vobarno Tubi,,,,,,,/public/bmvobarno162133.jpg,,Alessandro Vistali
92,SMALVIC,Smalvic / Tecnosuperiore,,,,,,,/public/smalvic164233.png,,Giorgio Grazioli
93,NILS,Nils S.p.a.,,,,,,,/public/nils1163708.png,,Valentino Paderni
94,CALVI,Calvi spa,,,,,,,/public/calvi162207.jpg,,
95,KSB,KSB Italia ,,,,,,,/public/ksb163118.jpg,,Francesco Nassini
1095,TH-AFM,Admenta SPA - Bologna,,,,,,,/public/admenta164339.jpg,,Antonio Gaboardi
1096,TH-GARZIA,Andrea Garzia - Milano,,,,,,,,,
1097,TH-CARRARA,Carrara Spa - Adro (BS),,,,,,,/public/carrara164504.jpg,,
1098,TH-CHER,Cherubini Spa - Bedizzole (BS),,,,,,,/public/cherubini164518.png,,
1099,TH-EXP,Experta Spa - Curno (BG),,,,,,,/public/experta164621.png,,
1100,TH-CONAD,Conad Adriatico - Monsanpolo del tronto (AP),,,,,,,/public/conad-adriatico164542.jpg,,
1101,TH-CONF,Confindustria Bergamo,,,,,,,/public/confindustria-bergamo164551.png,,
1102,TH-DAC,DAC Spa - Flero (BS),,,,,,,/public/dac164558.jpg,,
1103,TH-FER,Ferring Spa - Milano,,,,,,,/public/ferring164636.jpg,,Antonio Gaboardi
1104,TH-FOG,Fogliani Spa - Busto Arsizio (VA),,,,,,,/public/fogliani164645.jpg,,
1105,TH-LS,L&S Italia Srl - Maron di Brugnera (PN),,,,,,,/public/l_s164727.jpg,,
1106,TH-INFRA,Infracom Italia Spa - Verona,,,,,,,/public/infracom164710.jpg,,
1107,TH-BIBIT,Bibit Srl - Brescia,,,,,,,/public/bibit164446.png,,
1108,TH-NABA,Naba Carni Spa - Rezzato (BS),,,,,,,/public/naba-carni164746.png,,
1109,TH-COMPLETE,Complete GmbH Srl - Bolzano,,,,,,,/public/complete164533.png,,
1110,TH-MIO,Società agricolo Mioorto - Carrobbio degli Anngeli (BG),,,,,,,/public/mioorto164737.jpg,,
1111,TH-RGM,RGM Consultants Srl - Milano,,,,,,,/public/rgm164925.jpg,,
1112,TH-ROSSI,Rossi SPA - Modena,,,,,,,,,
1113,TH-TCE,TCE Partner Srl - Cremona,,,,,,,,,
1114,TH-AROS,Aros Srl - Affi (VR),,,,,,,,,
1115,TH-TERFLOR,Terflor Srl - Capriolo (BS),,,,,,,/public/terflor165209.png,,
1116,TH-VICENZI,Vicenzi Spa - San Giovanni Lupatoto (VR),,,,,,,/public/vicenzi165302.jpg,,Antonio Gaboardi
1117,TH-REGEST,Regesta Srl - Brescia,,,,,,,/public/regesta164851.png,,
1118,TH-FCR,Farmacie Comunali Reggiane - RE,,,,,,,,,Antonio Gaboardi
1119,TH-LAB,Cliente Regesta LAB - Attività interne,,,,,,,,,
1120,TH-ZETA,ZETAEMAG Srl Zibido San Giacomo (MI),,,,,,,,,
1121,ARGENTA,Argenta,,,,,,,/public/argenta161922.png,,Valentino Paderni
1122,CALEOTTO,Caleotto,,,,,,,/public/caleotto2114111.jpg,,Giorgio Grazioli
1123,MIDAC,Midac,,,,,,,/public/midac163650.jpg,,
1124,JSW,JSW Steel Italy,,,,,,,/public/aferpi161851.jpg,,Francesca Solazzi
1125,CAVAGNA,Gruppo Cavagna,,,,,,,/public/cavagna142934.jpg,,Stefano Pagliarini
1126,TH-QUALITAS,QUALITAS INFORMATICA,,,,,,,/public/qualitas164834.png,,
1127,LUCCHRS,Lucchini RS,,,,,,,/public/lucchini163442.png,,Francesco Brunelli
1128,COMMIT,COMMIT Group ,,,,,,,/public/commit102546.png,,Francesco Brunelli
1129,EY,Reconta Ernst & Young Spa,,,,,,,/public/ey162557.png,,Francesco Nassini
1130,DIAPATH,Imberg - Diapath,,,,,,,/public/diapath162421.png,,Antonella Peli
1132,GLAB,GLAB Advanced Srl,,,,,,,/public/glab162838.png,,
1133,TH_ITAL,Italchimici SPA Milano,,,,,,,/public/italchimici164327.jpg,,
1134,FACCHIN,Facchinetti - Lumezzane,,,,,,,/public/fratelli-facchinetti162609.png,,
1135,WTS,WTS Group,,,,,,,/public/wts165513.png,,Alessandro Vistali
1136,MICRO,MICROERA,,,,,,,,,
1137,TH_GUA01,Guarniflon,,,,,,,/public/guarniflon164320.png,,
1138,ESS,Euro sider Scalo,,,,,,,/public/euro-sider162529.jpg,,Antonio Gaboardi
1139,ARENGARIO,ARENGARIO,,0.0,0.0,0.0,,,,,
1140,GIUNTI_EDITORE,Giunti Editore,,0.0,0.0,0.0,,,/public/giunti162829.png,,Valentino Paderni
1141,SIL,Industrie Saleri Italo,,,,,,,/public/industrie-saleri-italo164206.jpg,,Francesco Brunelli
1142,SDG,sdg group,,,,,,,/public/sdg164114.png,,Francesco Brunelli
1143,MATTEI,Ing Mattei,,,,,,,/public/ing-mattei163516.png,,Alessandro Vistali
1144,UNIBS,Università di Brescia,,,,,,,/public/unibs165431.png,,Giorgio Grazioli
1145,TH-BODEG,Bodega,,,,,,,/public/bodega113545.jpg,,
1146,TH-ARESLINE,AresLine ,,,,,,,/public/aresline164346.jpg,,
1147,PELLINI,Pellini Caffe,,,,,,,/public/pellini163847.png,,Valentino Paderni
1148,TH-AESCU,Aesculapius,,,,,,,,,
1149,TH-NCSOL,NC Soluzioni,,,,,,,/public/nc164801.jpg,,
1150,TH-NAREVA,Nareva,,,,,,,/public/nareva164754.png,,
1151,TH-CEGEKA,CEGEKA S.P.A.,,,,,,,/public/cegeka164511.png,,
1152,TH-BEN,BENELLI ARMI S.P.A.,,,,,,,/public/benelli164436.png,,Sigecon
1153,LOVATO,Lovato Electric ,,,,,,,/public/lovato163418.jpg,,Valentino Paderni
1154,AESC,Aesculapius Farmaceutici ,,,,,,,/public/aesculapius161829.png,,
1155,ZANA,Zanardi Fonderie,,,,,0,,/public/zanardi165533.jpg,,Francesco Brunelli
1156,TH-PEL,PEL Pintossi Emilio,,,,,0,,/public/pel164827.png,,
1157,TH-TAVINA,Tavina,,,,,0,,/public/tavina164955.png,,
1158,ENERG,Energetic spa,,,,20.0,0,,/public/energetic162502.png,,
1160,TH-RGP,RGP SERVICE - Gruppo Energetic spa,,,,5.0,0,,,,
1162,SEILASER,Seilaser ,,,,,0,,/public/seilaser164128.png,,Antonio Gaboardi
1163,NOV,NOVELLINI,,,,,0,,/public/novellini163716.png,,Valentino Paderni
1164,TH-NEXUS,Nexus Stp,,,,,0,,/public/nexus164810.jpg,,
1165,ITALP,ITALPROTEC,,,,,0,,/public/italprotec162941.png,,Francesca Solazzi
1166,TH-DELTAINFO,Delta Info Srl,,,,,0,,,,
1167,TH-FONDTORB,Fonderia di Torbole S.p.A.,,,,,0,,/public/fonderiaditorbole164654.jpg,,Francesco Brunelli
1168,TIS,TOP IMAGE SYSTEMS,,,,,0,,/public/top-image-systems165359.jpg,,
1169,Xella,Ytong - Xella Italia S.R.L.,,20.0,20.0,,0,,/public/ytong110528.png,,Francesco Nassini
1170,TH-ITAP,Itap,,,,,0,,/public/itap164718.jpg,,
1171,TI,T-TechSistemi,,,,,0,,/public/t-tech-sistemi165347.png,,Francesca Solazzi
1172,PCInnovation,PC INNOVATION SAS,,,,,,,,,
1173,TH-P&CINN,P&C Innovation sas,,,,,0,,/public/p_c164820.png,,
1175,ACQ&SAP,Acqua&Sapone,,,,,0,,/public/acquaesapone161809.jpg,,
1176,maxion,Maxion Wheels Italia Srl ,,,,,0,,/public/maxion163534.png,,Francesco Brunelli
1177,LEIFHEIT,LEIFHEIT,,,,,0,,/public/leifheit163401.png,,Francesco Nassini
1178,CEMBRE,Cembre,,5.0,5.0,5.0,0,,/public/cembre162237.jpg,,
1179,FONDITAL,Fondital,,,,,0,,/public/fondital122045.png,,Alessandro Vistali
1181,SINAPSI,Gruppo Sinapsi Srl,,,,,0,,/public/grupposinapsi164215.jpg,,
1182,ACQUE,Acque Bresciane,,,,,0,,/public/acquebresciane161819.JPG,,Francesco Nassini
1183,PANTH,PANTHERA  S.R.L.,,,,,0,,/public/panthera163752.jpg,,
1184,CLAREX,Clarex,,,,,0,,/public/clarex162247.png,,
1185,MODINE,Modine S.p.a.,,,,,0,,/public/modine163659.png,,Valentino Paderni
1186,VDP,VDP Fonderia,,,,,0,,/public/vdp165440.jpg,,
1187,ELCOM,ELCOM,,30.0,,,0,,/public/elcom162447.png,,
1188,Elettra 1938,Elettra 1938 Spa,,,,,0,,/public/fiamm-componenti-accessori162641.jpg,,Stefano Pagliarini
1189,SANTONI,Santoni Spa,,,,,0,,/public/santoni164057.png,,
1190,BIORAD,Bio-Rad Laboratories,,,,,0,,/public/bio-rad162053.jpg,,RLAB
1191,DN,DN Automotive (DTR) ,,,,,0,,/public/dtr150936.png,,Valentino Paderni
1192,FNI,Forniture Nautiche Italiane srl,,,,,0,,/public/forniture-nautiche162702.jpg,,
1193,FASSA,Fassa Bortolo,,,,,0,,,,Valentino Paderni
1194,TIMKEN,Timken ,,,,,0,,/public/TimkenLogo194813.png,,Domenico Rota
1195,FRBERETTA,Fratelli Beretta,,,,,0,,/public/beretta112220.png,,Valentino Paderni
1196,SAP,SAP ITALIA,,,,,0,,,,
1197,RAFFMTL,Raffmetal,,,,,0,,,,Alessandro Vistali
1198,HTM,HTM Head,,,,,0,,,,Domenico Rota
1199,ENGEL,Engel,,,,,0,,,,Domenico Rota
1200,ARU,ARUBA,,,,,0,,,,Valentino Paderni
1201,UNI,Unidelta,,,,,0,,,,Stefano Pagliarini
1202,EMBP,Ebm-Papst ,,,,,0,,,,Domenico Rota
1203,TECGSK,Tecnica Gasket,,,,,0,,,,
1204,MURREL,Murrelektronik,,,,,0,,,,Domenico Rota
1205,MARIA,Maria Geminale - Prevero,,,,,0,,,,
1206,FERRAG,FERRAGAMO,,,,,0,,,,Francesca Solazzi
1207,KLINGSPOR,Klingspor,,30.0,20.0,10.0,0,,,,Francesco Nassini
1208,KRAUS,Kraus & Naimer,,,,,0,,,,Domenico Rota
1209,PIOVAN,Piovan,,,,,0,,,,Francesca Solazzi
1210,Novarsn,Nova Resine,,,,,0,,,,
1211,METBRE,Metallurgica Bresciana S.p.A.,,,,,0,,,,Francesco Nassini
1212,SYSDAT.IT,SYSDAT.IT SRL,,,,,0,,,,Francesco Nassini
1213,ORI,ORI MARTIN,,,,,0,,,,Francesco Brunelli
1214,BONOMI,Bonomi Group,,,,,0,,/public/360-logo_bonomi_sito113538.png,,Francesco Brunelli
1215,TH-BEAUTYSAN,Beauty San spa - Prato,,,,,0,,,,
1216,PRAGMA,Pragma Progetti Srl,,,2.0,,0,,,,
1217,IPTOR,IPTOR SRL,,30.0,,,0,,,,
1218,SICK,Sick,,,,,0,,,,Francesca Solazzi
1219,MAFIN,Mafin,,,,,0,,,,Francesca Solazzi
1220,YARD,YARD SPA,,2.0,,,0,,,,
1221,APEX,APEX,,,,,0,,,,
1222,PLANETICA,PLANETICA,,,,,0,,,,Francesco Nassini
1223,VALBRUNA,Gruppo Valbruna,,,,,0,,/public/logo_acciaierie_valbruna_vi_255x120c210627.png,,Francesco Brunelli
1224,TH-ETR,Etruria Luce e Gas,,,,,0,,,,
1226,ROFF,REALDOLMEN / INETUM,,,,,0,,,,Stefano Pagliarini
1227,COGNE,Cogne Acciai,,,,,0,,,,Valentino Paderni
1228,LINDAL,Lindal Italy Srl,,,,,0,,,,Domenico Rota
1229,SANIS,Sanisystem,,,,,0,,,,Francesca Solazzi
1230,PSI metals,PSI metals,,,,,0,,,,Stefano Pagliarini
1231,FOMAS,FOMAS,,,,,0,,,,Francesco Brunelli
1232,ELE,Elesa,,,,,0,,,,
1233,OLDRATI,Oldrati Holding,,,,,0,,,,Francesca Solazzi
1234,CLSOFT,C&L Soft,,,,,0,,,,Francesca Solazzi
1235,TH-ACTIVA,Activa srl,,,,,0,,,,
1236,VIVA,Viva Servizi,,,,,0,,,,Francesca Solazzi
1237,SIRIO,SIRIO INFORMATICA SPA,,,,,0,,,,
1238,FER,FERCAM,,,,,0,,,,Francesca Solazzi
1239,POLIDORO,POLIDORO,,,,,0,,,,
1240,TH_PASTAIO,Il Pastaio srl,,,,,0,,,,Antonio Gaboardi
1241,WARNER,Warner Chappel Music,,2.0,2.0,,0,,,,
1242,BAUMANN,Baumann ,,,,,0,,,,Francesco Nassini
1243,TCM,Nuova TCM Srl,,,,,0,,,,
1244,MAGONA,Liberty Magona,,100.0,100.0,,0,,,,Francesco Nassini
1245,LUBROGAMMA,LUBROGAMMA,,,,,0,,,,Francesco Brunelli
1246,ALLAUNDRY,Alliance Laundry Italy Srl,,,,,0,,,,Giorgio Grazioli
1247,GIUSTA,Ingros Carta Giustacchini S.p.A.,,,,,0,,/public/logo giusta180956.png,,Stefano Pagliarini
1248,LADORIA,La Doria SpA,,,,,0,,,,Francesca Solazzi
1249,LAE,LAE Srl,,,,,0,,,,Domenico Rota
1250,TH-VIS,Vis Hydraulics,,,,,0,,,,
1251,VENDER,Acciai Vender,,,,,0,,,,Francesco Brunelli
1252,BUSI,Busi Group,,,,,0,,,,
1253,GEFS,Green Energy For Steel ,,,,,0,,,,Francesco Nassini
1254,STREPA,Streparava,,,,,0,,,,
1255,INPOSIA,Inposia ,,,,,0,,,,Stefano Pagliarini
1256,Cromodora Wheels SpA,Cromodora Wheels SpA,,30.0,15.0,15.0,0,,,,Nassini
1257,FLOS,FLOS,,,,,0,,,,Francesco Nassini
1258,ABS,Acciaierie Bertoli Safau,,,,,0,,,,Giorgio Grazioli
1259,TH-PRE,Premac srl,,,,,0,,,,
1260,Odissea Srl,Odissea Srl - Gruppo Percassi,,,,,0,,,,Nassini
1261,ARVATO,Arvato Services Italia Srl,,,,,0,,,,Francesca Solazzi
1262,HAGRP,HA Group,,,,,0,,,,Francesco Nassini
1263,ARCHROMA,Archroma Life Enhances,,,,,0,,,,Francesca Solazzi
1264,EXOLON,Exolon Group,,,,,0,,,,Stefano Pagliarini
1265,TH-CADF,C.A.D.F. S.p.A.,,,,,0,,,,
1266,LM,LM Medical Division,,,,,0,,,,Giulio Manenti
1267,TIFAST,Tifast,,,,,0,,,,Francesco Brunelli
1268,CAPGEM,Capgemini Italia Spa,,,,,0,,,,
1269,Hipac,Hipac SpA,,,,,0,,,,Francesco Brunelli
1270,RUAG,RWS (Ruag),,,,,0,,,,Francesca Solazzi
1271,TH-ESSSE,ESSSE Caffè srl,,,,,0,,,,
1272,MASTERIT,Master Italy,,,,,0,,,,Francesca Solazzi
1273,PITTINI,Gruppo Pittini,,,,,0,,,,Francesco Brunelli
1274,ASO,ASO H&P,,,,,0,,,,Francesca Solazzi
1275,PILENGA,Pilenga Baldassarre Foundry Srl,,,,,0,,,,Francesco Brunelli
1276,COMAP,Comap Italia Spa,,,,,0,,,,Valentino Paderni
1277,HAPPY,Gruppo Happy,,,,,0,,,,Stefano Pagliarini
1278,SINERGIA,Sinergia Spa,,,,,0,,,,
1279,BELTRAME,AFV Acciaierie Beltrame Spa,,,,,0,,,,Stefano Pagliarini
1280,SENSYS,Sensor Systems Srl,,,,,0,,,,Francesco Nassini
1281,ZePETRU,ZEUS PETRUZALEK,,,,,0,,,,Stefano Pagliarini
1282,TECNICA,Tecnica Group Spa,,,,,0,,,,
1283,TH-OMFB,O.M.F.B. S.p.A. Hydraulic Components,,,,,0,,,,Tiziana Caem
1284,IVAR,IVAR Spa,,,,,0,,,,
1285,ACEF,ACEF Spa,,,,,0,,,,
1286,ATView,ATView,,,,,0,,,,
1287,STB,Sotheby's Italia Srl ,,,,,0,,,,Francesca Solazzi
1288,GRUNDFOS,Grundfos Pompe Italia Srl,,,,,0,,,,Francesca Solazzi
1289,MANNI,Manni Group,,,,,0,,,,Francesca Solazzi
1290,BERTSCHI,Bertschi AG,,,,,0,,,,Francesca Solazzi
1291,TRAFSP,Trafilspec I.T.S. Spa,,,,,0,,,,Francesco Brunelli
1292,ANTVIS,Antares Vision Spa,,,,,0,,,,Francesca Solazzi
1293,SAMP,SAMP Srl,,,,,0,,,,Francesca Solazzi
1294,NOV,Novamont,,,,,0,,,,Francesca Solazzi
1295,TREVES,TREVES Products Services & Innovation,,,,,0,,,,Francesca Solazzi
1296,TH-HUWARE,Huware,,,,,0,,,,Giovanni Pigoli
1297,ERC,Ercos Spa,,,,,0,,,,Stefano Pagliarini 
1298,ABMed,AB Medica Spa,,,,,0,,,,Giovanni Pigoli
1299,CALP,Calpeda,,,,,0,,,,Francesco Brunelli
1300,DUC,Ducati Motor Holding Spa,,,,,0,,,,Stefano Volpato
1301,OLON,Olon Spa,,,,,0,,,,Francesca Solazzi
1302,FONTFIN,Fontana Finanziaria Spa,,,,,0,,,,Francesca Solazzi
1303,ABB,ABB Spa,,,,,0,,,,Stefano Volpato
1304,Atos,Atos Spa,,,,,0,,,,Stefano Volpato
1305,INTMGM,Interroll Management SA,,,,,0,,,,Stefano Volpato
1306,MTLWRK,Metal Work Spa,,,,,0,,,,Stefano Volpato
1307,CMZ,Camozzi Group Spa,,,,,0,,,,Stefano Volpato
1308,CMIND,Comer Industries Spa,,,,,0,,,,Stefano Volpato
1309,FNSG,Finsuge,,,,,0,,,,Stefano Volpato
1310,ASK,ASK Industries,,,,,0,,,,Stefano Volpato
1311,LTI,LATI Industria Termoplastici SpA,,,,,0,,,,Stefano Volpato
1312,RGTECH,,,,,,0,,,,
1313,RGTECH,Regesta TECH,,,,,0,,,,
1314,DDM,DDM Solutions Srl,,,,,0,,,,Alessandro Bortot
1315,TRV,TRIVI S.r.l.,,,,,0,,,,Alessandro Bortot
1316,CLN,Arcelor Mittal CLN,,,,,0,,,,Matteo Bongiorno
1317,KPMG,KPMG Advisory SpA,,,,,0,,,,Stefano Volpato
1318,CMAC,Comac SpA,,,,,0,,,,Alessandro Bortot
